ID,Filename,Utterance start time,Estimated Lexical Match,Certainty,Target Letter,Audio Quality Comment,Cluster Status,Cluster ID
0005_FZU,VF-001-20170310101810.wav,2,små,3.0,s,low,0,0
0005_FZU,VF-001-20170310101810.wav,5,solvogn,3.0,s,low,0,1
0005_FZU,VF-001-20170310101810.wav,7,,1.0,s,low,1,1
0005_FZU,VF-001-20170310101810.wav,10,snaps,3.0,s,low,1,1
0005_FZU,VF-001-20170310101810.wav,15,styrevogn,1.0,s,low,0,2
0005_FZU,VF-001-20170310101810.wav,18,skrue,2.0,s,low,1,2
0005_FZU,VF-001-20170310101810.wav,27,sovs,3.0,s,low,0,3
0005_FZU,VF-001-20170310101810.wav,33,solvarm,1.0,s,low,1,3
0005_FZU,VF-001-20170310101810.wav,45,skib,3.0,s,low,0,4
0005_FZU,VF-001-20170310101810.wav,51,,1.0,s,low,1,4
0005_FZU,VF-001-20170310101810.wav,54,solsikke,3.0,s,low,1,4
0005_FZU,VF-001-20170310101810.wav,56,solsikkefrø,3.0,s,low,1,4
0005_FZU,VF-001-20170310114125.wav,8,fagter,1.0,f,low,0,1
0005_FZU,VF-001-20170310114125.wav,9,fagne,1.0,f,low,1,1
0005_FZU,VF-001-20170310114125.wav,11,,,f,low,1,1
0005_FZU,VF-001-20170310114125.wav,14,fantom,2.0,f,low,1,1
0005_FZU,VF-001-20170310114125.wav,19,,,f,low,0,2
0005_FZU,VF-001-20170310114125.wav,21,fisk,3.0,f,low,1,2
0005_FZU,VF-001-20170310114125.wav,22,fiskestang,3.0,f,low,1,2
0005_FZU,VF-001-20170310114125.wav,24,fiskehjul,1.0,f,low,1,2
0005_FZU,VF-001-20170310114125.wav,27,fiskenet,2.0,f,low,1,2
0005_FZU,VF-001-20170310114125.wav,29,fiskekrog,3.0,f,low,1,2
0005_FZU,VF-001-20170310114125.wav,37,,,f,low,0,0
0005_FZU,VF-001-20170310114125.wav,52,finansmænd,3.0,f,low,0,0
0005_FZU,VF-001-20170310125920.wav,4,kammer,2.0,k,low,0,0
0005_FZU,VF-001-20170310125920.wav,9,kam,1.0,k,low,0,1
0005_FZU,VF-001-20170310125920.wav,11,krabat,1.0,k,low,1,1
0005_FZU,VF-001-20170310125920.wav,19,kande,1.0,k,low,0,2
0005_FZU,VF-001-20170310125920.wav,24,kammusling,1.0,k,low,1,2
0005_FZU,VF-001-20170310125920.wav,35,klatrestativ,3.0,k,low,0,3
0005_FZU,VF-001-20170310125920.wav,47,kamsteg,2.0,k,low,1,3
0005_FZU,VF-002-20170310114238.wav,4,blødsøden,1.0,b,low,0,0
0005_FZU,VF-002-20170310114238.wav,7,bænkebidder,3.0,b,low,0,0
0005_FZU,VF-002-20170310114238.wav,10,bank,3.0,b,low,0,1
0005_FZU,VF-002-20170310114238.wav,11,bil,3.0,b,low,1,1
0005_FZU,VF-002-20170310114238.wav,13,bilegistrerring,3.0,b,low,1,1
0005_FZU,VF-002-20170310114238.wav,15,,,b,low,1,1
0005_FZU,VF-002-20170310114238.wav,18,,,b,low,1,1
0005_FZU,VF-002-20170310114238.wav,30,båthorn,3.0,b,low,0,2
0005_FZU,VF-002-20170310114238.wav,36,blæk,2.0,b,low,1,2
0005_FZU,VF-002-20170310114238.wav,38,blækhus,3.0,b,low,1,2
0005_FZU,VF-002-20170310114238.wav,55,blink,1.0,b,low,0,0
0005_FZU,VF-002-20170310130033.wav,2,,,t,low,0,1
0005_FZU,VF-002-20170310130033.wav,4,tændstik,2.0,t,low,1,1
0005_FZU,VF-002-20170310130033.wav,9,tændstik,3.0,t,low,0,2
0005_FZU,VF-002-20170310130033.wav,10,telt,3.0,t,low,1,2
0005_FZU,VF-002-20170310130033.wav,15,træ,3.0,t,low,0,3
0005_FZU,VF-002-20170310130033.wav,20,tollundmand,1.0,t,low,1,3
0005_FZU,VF-002-20170310130033.wav,32,,,t,low,0,4
0005_FZU,VF-002-20170310130033.wav,46,,,t,low,1,4
0005_FZU,VF-002-20170310130033.wav,54,tommelfinger,1.0,t,low,1,4
0005_FZU,VF-003-20170310102036.wav,1,majs,3.0,m,low,0,1
0005_FZU,VF-003-20170310102036.wav,3,majsmel,3.0,m,low,1,1
0005_FZU,VF-003-20170310102036.wav,6,majstang,2.0,m,low,0,2
0005_FZU,VF-003-20170310102036.wav,7,majroer,3.0,m,low,1,2
0005_FZU,VF-003-20170310102036.wav,15,migselv,2.0,m,low,0,0
0005_FZU,VF-003-20170310102036.wav,28,,,m,low,0,3
0005_FZU,VF-003-20170310102036.wav,31,,,m,low,1,3
0005_FZU,VF-003-20170310102036.wav,32,madkasse,2.0,m,low,1,3
0005_FZU,VF-003-20170310102036.wav,33,mad,2.0,m,low,1,3
0005_FZU,VF-003-20170310102036.wav,46,,,m,low,0,4
0005_FZU,VF-003-20170310102036.wav,59,,,m,low,1,4
0005_FZU,VF-003-20170310114351.wav,1,lam,2.0,l,low,0,1
0005_FZU,VF-003-20170310114351.wav,3,lammekrone,1.0,l,low,1,1
0005_FZU,VF-003-20170310114351.wav,13,,,l,low,0,2
0005_FZU,VF-003-20170310114351.wav,18,lagn,1.0,l,low,1,2
0005_FZU,VF-003-20170310114351.wav,19,limpistol,2.0,l,low,1,2
0005_FZU,VF-003-20170310114351.wav,24,lag,,l,low,1,2
0005_FZU,VF-003-20170310114351.wav,50,,,l,low,0,3
0005_FZU,VF-003-20170310114351.wav,57,lykke,1.0,l,low,1,3
0005_FZU,VF-003-20170310130146.wav,2,der,2.0,,low,0,1
0005_FZU,VF-003-20170310130146.wav,4,,,,low,1,1
0005_FZU,VF-003-20170310130146.wav,7,,,,low,0,0
0006_VAZ,VF-001-20170316103702.wav,1,spand,3.0,s,high,0,1
0006_VAZ,VF-001-20170316103702.wav,2,skovl,3.0,s,high,1,1
0006_VAZ,VF-001-20170316103702.wav,3,spade,3.0,s,high,1,1
0006_VAZ,VF-001-20170316103702.wav,5,skraldespand,3.0,s,high,0,0
0006_VAZ,VF-001-20170316103702.wav,8,skrald,3.0,s,high,0,0
0006_VAZ,VF-001-20170316103702.wav,11,sukker,3.0,s,high,0,2
0006_VAZ,VF-001-20170316103702.wav,12,salt,3.0,s,high,1,2
0006_VAZ,VF-001-20170316103702.wav,14,sommer,3.0,s,high,1,2
0006_VAZ,VF-001-20170316103702.wav,17,sodavand,3.0,s,high,0,3
0006_VAZ,VF-001-20170316103702.wav,19,super,3.0,s,high,1,3
0006_VAZ,VF-001-20170316103702.wav,21,svend,2.0,s,high,1,3
0006_VAZ,VF-001-20170316103702.wav,25,svært,3.0,s,high,0,0
0006_VAZ,VF-001-20170316103702.wav,29,sol,3.0,s,high,0,4
0006_VAZ,VF-001-20170316103702.wav,32,septembeer,3.0,s,high,1,4
0006_VAZ,VF-001-20170316103702.wav,37,sokkel,3.0,s,high,0,5
0006_VAZ,VF-001-20170316103702.wav,40,suser,3.0,s,high,1,5
0006_VAZ,VF-001-20170316103702.wav,41,susen,3.0,s,high,1,5
0006_VAZ,VF-001-20170316103702.wav,44,susan,3.0,s,high,1,5
0006_VAZ,VF-001-20170316103702.wav,49,si,3.0,s,high,0,6
0006_VAZ,VF-001-20170316103702.wav,53,saftevand,3.0,s,high,1,6
0006_VAZ,VF-001-20170316103702.wav,56,saft,3.0,s,high,1,6
0006_VAZ,VF-001-20170316120337.wav,2,kamera,3.0,k,high,0,1
0006_VAZ,VF-001-20170316120337.wav,3,klasse,3.0,k,high,1,1
0006_VAZ,VF-001-20170316120337.wav,11,kasse,3.0,k,high,0,0
0006_VAZ,VF-001-20170316120337.wav,15,kigge,3.0,k,high,0,2
0006_VAZ,VF-001-20170316120337.wav,16,klemme,3.0,k,high,1,2
0006_VAZ,VF-001-20170316120337.wav,18,konge,2.0,k,high,1,2
0006_VAZ,VF-001-20170316120337.wav,23,kong,2.0,k,high,0,3
0006_VAZ,VF-001-20170316120337.wav,26,klar,3.0,k,high,1,3
0006_VAZ,VF-001-20170316120337.wav,28,,,k,high,1,3
0006_VAZ,VF-001-20170316120337.wav,34,klokke,3.0,k,high,0,0
0006_VAZ,VF-001-20170316120337.wav,38,,,k,high,0,0
0006_VAZ,VF-001-20170316120337.wav,44,kræmmer,3.0,k,high,0,4
0006_VAZ,VF-001-20170316120337.wav,47,kys,3.0,k,high,1,4
0006_VAZ,VF-001-20170316120337.wav,48,kærlighed,3.0,k,high,1,4
0006_VAZ,VF-001-20170316120337.wav,51,kildevand,3.0,k,high,1,4
0006_VAZ,VF-001-20170316120337.wav,58,kaffe,3.0,k,high,0,0
0006_VAZ,VF-001-20170316133043.wav,2,familie,3.0,f,high,0,1
0006_VAZ,VF-001-20170316133043.wav,3,,,f,high,1,1
0006_VAZ,VF-001-20170316133043.wav,7,fire,1.0,f,high,0,0
0006_VAZ,VF-001-20170316133043.wav,11,frost,2.0,f,high,0,2
0006_VAZ,VF-001-20170316133043.wav,12,fisk,2.0,f,high,1,2
0006_VAZ,VF-001-20170316133043.wav,16,flamberet,3.0,f,high,0,3
0006_VAZ,VF-001-20170316133043.wav,18,føj,3.0,f,high,1,3
0006_VAZ,VF-001-20170316133043.wav,22,fjernsyn,3.0,f,high,0,0
0006_VAZ,VF-001-20170316133043.wav,27,fløde,2.0,f,high,0,0
0006_VAZ,VF-001-20170316133043.wav,32,flæsksteg,3.0,f,high,0,0
0006_VAZ,VF-001-20170316133043.wav,38,flaske,3.0,f,high,0,0
0006_VAZ,VF-001-20170316133043.wav,44,fremmed,2.0,f,high,0,4
0006_VAZ,VF-001-20170316133043.wav,46,fri,3.0,f,high,1,4
0006_VAZ,VF-001-20170316133043.wav,51,frikadeller,3.0,f,high,1,4
0006_VAZ,VF-001-20170316133043.wav,55,forår,3.0,f,high,1,4
0006_VAZ,VF-002-20170316103815.wav,1,protokol,3.0,p,high,0,1
0006_VAZ,VF-002-20170316103815.wav,2,projekt,3.0,p,high,1,1
0006_VAZ,VF-002-20170316103815.wav,4,poul,3.0,p,high,0,2
0006_VAZ,VF-002-20170316103815.wav,5,per,3.0,p,high,1,2
0006_VAZ,VF-002-20170316103815.wav,7,peter,3.0,p,high,0,0
0006_VAZ,VF-002-20170316103815.wav,9,persienner,3.0,p,high,0,3
0006_VAZ,VF-002-20170316103815.wav,11,pas,3.0,p,high,1,3
0006_VAZ,VF-002-20170316103815.wav,13,passer,3.0,p,high,1,3
0006_VAZ,VF-002-20170316103815.wav,17,politi,3.0,p,high,0,4
0006_VAZ,VF-002-20170316103815.wav,18,projekt,3.0,p,high,1,4
0006_VAZ,VF-002-20170316103815.wav,41,pris,3.0,p,high,0,5
0006_VAZ,VF-002-20170316103815.wav,53,protokol,3.0,p,high,1,5
0006_VAZ,VF-002-20170316103815.wav,59,pap,3.0,p,high,1,5
0006_VAZ,VF-002-20170316120450.wav,2,taxa,3.0,t,high,0,1
0006_VAZ,VF-002-20170316120450.wav,4,trække,3.0,t,high,1,1
0006_VAZ,VF-002-20170316120450.wav,6,tunge,3.0,t,high,1,1
0006_VAZ,VF-002-20170316120450.wav,8,taffel,3.0,t,high,1,1
0006_VAZ,VF-002-20170316120450.wav,10,trøffel,3.0,t,high,1,1
0006_VAZ,VF-002-20170316120450.wav,13,tarme,2.0,t,high,0,0
0006_VAZ,VF-002-20170316120450.wav,17,tandem,3.0,t,high,0,2
0006_VAZ,VF-002-20170316120450.wav,19,teresse,3.0,t,high,1,2
0006_VAZ,VF-002-20170316120450.wav,22,tank,3.0,t,high,0,3
0006_VAZ,VF-002-20170316120450.wav,25,tennis,3.0,t,high,1,3
0006_VAZ,VF-002-20170316120450.wav,30,trambolin,3.0,t,high,0,4
0006_VAZ,VF-002-20170316120450.wav,32,taske,3.0,t,high,1,4
0006_VAZ,VF-002-20170316120450.wav,36,tommeltot,3.0,t,high,0,0
0006_VAZ,VF-002-20170316120450.wav,41,torsk,3.0,t,high,0,0
0006_VAZ,VF-002-20170316120450.wav,46,træmmer,3.0,t,high,0,5
0006_VAZ,VF-002-20170316120450.wav,51,taske,3.0,t,high,1,5
0006_VAZ,VF-002-20170316120450.wav,56,terin,1.0,t,high,1,5
0006_VAZ,VF-002-20170316120450.wav,59,trusser,3.0,t,high,1,5
0006_VAZ,VF-002-20170316133156.wav,2,billiard,3.0,b,high,0,1
0006_VAZ,VF-002-20170316133156.wav,4,børnehave,3.0,b,high,1,1
0006_VAZ,VF-002-20170316133156.wav,7,,,b,high,0,0
0006_VAZ,VF-002-20170316133156.wav,11,bærepose,3.0,b,high,0,2
0006_VAZ,VF-002-20170316133156.wav,14,,,b,high,1,2
0006_VAZ,VF-002-20170316133156.wav,17,børn,3.0,b,high,1,2
0006_VAZ,VF-002-20170316133156.wav,25,basker,1.0,b,high,0,3
0006_VAZ,VF-002-20170316133156.wav,28,bramming,3.0,b,high,1,3
0006_VAZ,VF-002-20170316133156.wav,29,blæst,3.0,b,high,1,3
0006_VAZ,VF-002-20170316133156.wav,32,bål,3.0,b,high,1,3
0006_VAZ,VF-002-20170316133156.wav,36,,,b,high,0,0
0006_VAZ,VF-002-20170316133156.wav,42,båthorn,3.0,b,high,0,4
0006_VAZ,VF-002-20170316133156.wav,44,bål,3.0,b,high,1,4
0006_VAZ,VF-002-20170316133156.wav,48,bil,3.0,b,high,1,4
0006_VAZ,VF-002-20170316133156.wav,53,baskerlandet,3.0,b,high,0,5
0006_VAZ,VF-002-20170316133156.wav,57,belfast,3.0,b,high,1,5
0006_VAZ,VF-003-20170316103928.wav,1,mennesker,3.0,m,high,0,0
0006_VAZ,VF-003-20170316103928.wav,3,mor,3.0,m,high,0,0
0006_VAZ,VF-003-20170316103928.wav,6,maiken,2.0,m,high,0,1
0006_VAZ,VF-003-20170316103928.wav,7,morten,3.0,m,high,1,1
0006_VAZ,VF-003-20170316103928.wav,9,maiken,2.0,m,high,1,1
0006_VAZ,VF-003-20170316103928.wav,11,maj,1.0,m,high,1,1
0006_VAZ,VF-003-20170316103928.wav,13,mad,3.0,m,high,1,1
0006_VAZ,VF-003-20170316103928.wav,15,mel,3.0,m,high,1,1
0006_VAZ,VF-003-20170316103928.wav,19,morsom,3.0,m,high,0,2
0006_VAZ,VF-003-20170316103928.wav,21,mystisk,3.0,m,high,1,2
0006_VAZ,VF-003-20170316103928.wav,23,metal,3.0,m,high,1,2
0006_VAZ,VF-003-20170316103928.wav,26,maksimal,3.0,m,high,0,0
0006_VAZ,VF-003-20170316103928.wav,31,minus,3.0,m,high,0,0
0006_VAZ,VF-003-20170316103928.wav,35,marker,2.0,m,high,0,0
0006_VAZ,VF-003-20170316103928.wav,39,maskine,3.0,m,high,0,0
0006_VAZ,VF-003-20170316103928.wav,46,mus,3.0,m,high,0,3
0006_VAZ,VF-003-20170316103928.wav,48,mis,3.0,m,high,1,3
0006_VAZ,VF-003-20170316103928.wav,51,maiken,,m,high,1,3
0006_VAZ,VF-003-20170316103928.wav,52,majbritt,2.0,m,high,1,3
0006_VAZ,VF-003-20170316103928.wav,57,materiale,3.0,m,high,1,3
0006_VAZ,VF-003-20170316120603.wav,2,drikke,2.0,d,high,0,1
0006_VAZ,VF-003-20170316120603.wav,4,danse,3.0,d,high,1,1
0006_VAZ,VF-003-20170316120603.wav,7,dusk,2.0,d,high,0,2
0006_VAZ,VF-003-20170316120603.wav,10,dør,3.0,d,high,1,2
0006_VAZ,VF-003-20170316120603.wav,15,derfor,3.0,d,high,0,3
0006_VAZ,VF-003-20170316120603.wav,19,drømme,1.0,d,high,1,3
0006_VAZ,VF-003-20170316120603.wav,26,dumme,3.0,d,high,0,0
0006_VAZ,VF-003-20170316120603.wav,38,drab,3.0,d,high,0,4
0006_VAZ,VF-003-20170316120603.wav,44,direktør,3.0,d,high,1,4
0006_VAZ,VF-003-20170316120603.wav,48,danmark,3.0,d,high,1,4
0006_VAZ,VF-003-20170316120603.wav,52,daske,3.0,d,high,1,4
0006_VAZ,VF-003-20170316120603.wav,57,dyr,3.0,d,high,1,4
0006_VAZ,VF-003-20170316133309.wav,1,lov,2.0,l,high,0,1
0006_VAZ,VF-003-20170316133309.wav,2,løve,3.0,l,high,1,1
0006_VAZ,VF-003-20170316133309.wav,4,livet,3.0,l,high,1,1
0006_VAZ,VF-003-20170316133309.wav,7,løs,3.0,l,high,0,2
0006_VAZ,VF-003-20170316133309.wav,9,luksus,3.0,l,high,1,2
0006_VAZ,VF-003-20170316133309.wav,12,lejrbål,3.0,l,high,0,0
0006_VAZ,VF-003-20170316133309.wav,16,lexus,2.0,l,high,0,0
0006_VAZ,VF-003-20170316133309.wav,19,larm,3.0,l,high,0,0
0006_VAZ,VF-003-20170316133309.wav,24,løs,1.0,l,high,0,0
0006_VAZ,VF-003-20170316133309.wav,28,liv,3.0,l,high,0,3
0006_VAZ,VF-003-20170316133309.wav,30,løvehjerte,3.0,l,high,1,3
0006_VAZ,VF-003-20170316133309.wav,34,lovgivning,3.0,l,high,0,4
0006_VAZ,VF-003-20170316133309.wav,38,læs,3.0,l,high,1,4
0006_VAZ,VF-003-20170316133309.wav,45,lov,3.0,l,high,0,5
0006_VAZ,VF-003-20170316133309.wav,47,lost,2.0,l,high,1,5
0006_VAZ,VF-003-20170316133309.wav,51,ledning,3.0,l,high,1,5
0006_VAZ,VF-003-20170316133309.wav,54,læsehest,3.0,l,high,1,5
0006_VAZ,VF-003-20170316133309.wav,59,læskedrik,3.0,l,high,1,5
0019_YRF,VF-003-20230327122603.wav,2,dum,2.0,d,low,0,0
0019_YRF,VF-003-20230327122603.wav,4,dumdristig,3.0,d,low,0,1
0019_YRF,VF-003-20230327122603.wav,5,drille,1.0,d,low,1,1
0019_YRF,VF-003-20230327122603.wav,6,drillepind,1.0,d,low,1,1
0019_YRF,VF-003-20230327122603.wav,9,,,d,low,0,2
0019_YRF,VF-003-20230327122603.wav,11,,,d,low,1,2
0019_YRF,VF-003-20230327122603.wav,13,,,d,low,1,2
0019_YRF,VF-003-20230327122603.wav,17,dør,3.0,d,low,0,3
0019_YRF,VF-003-20230327122603.wav,19,drøbel,2.0,d,low,1,3
0019_YRF,VF-003-20230327122603.wav,25,dyr,3.0,d,low,0,4
0019_YRF,VF-003-20230327122603.wav,27,duge,2.0,d,low,1,4
0019_YRF,VF-003-20230327122603.wav,40,dansk,3.0,d,low,0,5
0019_YRF,VF-003-20230327122603.wav,45,drøbel,2.0,d,low,1,5
0019_YRF,VF-003-20230327122603.wav,50,,1.0,d,low,1,5
0019_YRF,VF-003-20230327122603.wav,59,,,d,low,1,5
0019_YRF,VF-003-20230327095945.wav,1,,,l,low,0,1
0019_YRF,VF-003-20230327095945.wav,2,,,l,low,1,1
0019_YRF,VF-003-20230327095945.wav,4,læg,2.0,l,low,0,2
0019_YRF,VF-003-20230327095945.wav,5,læggekartofler,3.0,l,low,1,2
0019_YRF,VF-003-20230327095945.wav,9,lir,1.0,l,low,0,0
0019_YRF,VF-003-20230327095945.wav,11,ligvogn,1.0,l,low,0,0
0019_YRF,VF-003-20230327095945.wav,13,live,1.0,l,low,0,3
0019_YRF,VF-003-20230327095945.wav,15,,,l,low,1,3
0019_YRF,VF-003-20230327095945.wav,18,lammeskind,3.0,l,low,0,4
0019_YRF,VF-003-20230327095945.wav,20,lodden,3.0,l,low,1,4
0019_YRF,VF-003-20230327095945.wav,21,lod,3.0,l,low,1,4
0019_YRF,VF-003-20230327095945.wav,22,lodsejeer,3.0,l,low,1,4
0019_YRF,VF-003-20230327095945.wav,27,lun,2.0,l,low,0,5
0019_YRF,VF-003-20230327095945.wav,29,levet,2.0,l,low,1,5
0019_YRF,VF-003-20230327095945.wav,32,led,2.0,l,low,0,6
0019_YRF,VF-003-20230327095945.wav,33,,,l,low,1,6
0019_YRF,VF-003-20230327095945.wav,38,last,3.0,l,low,0,7
0019_YRF,VF-003-20230327095945.wav,39,lastbil,3.0,l,low,1,7
0019_YRF,VF-003-20230327095945.wav,44,lort,3.0,l,low,0,0
0019_YRF,VF-003-20230327095945.wav,48,lokom,3.0,l,low,0,0
0019_YRF,VF-003-20230327095945.wav,54,lodden,3.0,l,low,0,8
0019_YRF,VF-003-20230327095945.wav,57,loddekolbe,3.0,l,low,1,8
0019_YRF,VF-003-20230327095945.wav,59,,,l,low,1,8
0019_YRF,VF-002-20230327122455.wav,1,tre,3.0,t,low,0,1
0019_YRF,VF-002-20230327122455.wav,2,ti,3.0,t,low,1,1
0019_YRF,VF-002-20230327122455.wav,3,tretten,3.0,t,low,1,1
0019_YRF,VF-002-20230327122455.wav,4,tyve,3.0,t,low,1,1
0019_YRF,VF-002-20230327122455.wav,5,tredive,3.0,t,low,1,1
0019_YRF,VF-002-20230327122455.wav,6,tempo,3.0,t,low,1,1
0019_YRF,VF-002-20230327122455.wav,10,tissemand,2.0,t,low,0,0
0019_YRF,VF-002-20230327122455.wav,16,,,t,low,0,0
0019_YRF,VF-002-20230327122455.wav,23,trekant,3.0,t,low,0,2
0019_YRF,VF-002-20230327122455.wav,26,,,t,low,1,2
0019_YRF,VF-002-20230327122455.wav,31,,,t,low,0,0
0019_YRF,VF-002-20230327122455.wav,36,tryk,3.0,t,low,0,3
0019_YRF,VF-002-20230327122455.wav,38,trykfølsom,3.0,t,low,1,3
0019_YRF,VF-002-20230327122455.wav,40,trygfølsomskærm,2.0,t,low,1,3
0019_YRF,VF-002-20230327122455.wav,45,tempo,3.0,t,low,0,4
0019_YRF,VF-002-20230327122455.wav,46,test,3.0,t,low,1,4
0019_YRF,VF-002-20230327122455.wav,47,,,t,low,1,4
0019_YRF,VF-002-20230327122455.wav,48,,,t,low,1,4
0019_YRF,VF-002-20230327122455.wav,53,,,t,low,1,4
0019_YRF,VF-002-20230327111725.wav,2,poesi,3.0,p,low,0,1
0019_YRF,VF-002-20230327111725.wav,3,pas,3.0,p,low,1,1
0019_YRF,VF-002-20230327111725.wav,4,penis,2.0,p,low,1,1
0019_YRF,VF-002-20230327111725.wav,8,,,p,low,0,0
0019_YRF,VF-002-20230327111725.wav,10,,,p,low,0,2
0019_YRF,VF-002-20230327111725.wav,11,,,p,low,1,2
0019_YRF,VF-002-20230327111725.wav,12,prop,2.0,p,low,1,2
0019_YRF,VF-002-20230327111725.wav,14,propkultur,2.0,p,low,1,2
0019_YRF,VF-002-20230327111725.wav,16,probalistisk,3.0,p,low,1,2
0019_YRF,VF-002-20230327111725.wav,20,prop,3.0,p,low,0,3
0019_YRF,VF-002-20230327111725.wav,22,,,p,low,1,3
0019_YRF,VF-002-20230327111725.wav,23,,,p,low,1,3
0019_YRF,VF-002-20230327111725.wav,24,,,p,low,1,3
0019_YRF,VF-002-20230327111725.wav,29,papmache,3.0,p,low,0,4
0019_YRF,VF-002-20230327111725.wav,31,,,p,low,1,4
0019_YRF,VF-002-20230327111725.wav,34,pip,3.0,p,low,1,4
0019_YRF,VF-002-20230327111725.wav,35,pop,2.0,p,low,1,4
0019_YRF,VF-002-20230327111725.wav,50,politi,3.0,p,low,0,5
0019_YRF,VF-002-20230327111725.wav,56,palme,1.0,p,low,1,5
0019_YRF,VF-002-20230327111725.wav,59,,,p,low,1,5
0019_YRF,VF-002-20230327095837.wav,1,bi,2.0,b,low,0,1
0019_YRF,VF-002-20230327095837.wav,2,bi,2.0,b,low,1,1
0019_YRF,VF-002-20230327095837.wav,3,bil,3.0,b,low,1,1
0019_YRF,VF-002-20230327095837.wav,4,,,b,low,1,1
0019_YRF,VF-002-20230327095837.wav,6,,,b,low,0,0
0019_YRF,VF-002-20230327095837.wav,8,,,b,low,0,2
0019_YRF,VF-002-20230327095837.wav,9,bog,1.0,b,low,1,2
0019_YRF,VF-002-20230327095837.wav,11,bog,3.0,b,low,0,0
0019_YRF,VF-002-20230327095837.wav,14,bogmærke,3.0,b,low,0,0
0019_YRF,VF-002-20230327095837.wav,18,borgreol,3.0,b,low,0,0
0019_YRF,VF-002-20230327095837.wav,21,bildør,1.0,b,low,0,0
0019_YRF,VF-002-20230327095837.wav,24,blik,3.0,b,low,0,3
0019_YRF,VF-002-20230327095837.wav,25,blikfang,3.0,b,low,1,3
0019_YRF,VF-002-20230327095837.wav,28,blomme,3.0,b,low,1,3
0019_YRF,VF-002-20230327095837.wav,31,blad,3.0,b,low,1,3
0019_YRF,VF-002-20230327095837.wav,37,bål,2.0,b,low,0,4
0019_YRF,VF-002-20230327095837.wav,38,båltang,2.0,b,low,1,4
0019_YRF,VF-002-20230327095837.wav,43,birk,3.0,b,low,1,4
0019_YRF,VF-002-20230327095837.wav,55,,,b,low,0,5
0019_YRF,VF-002-20230327095837.wav,59,blikdåse,3.0,b,low,1,5
0019_YRF,VF-001-20230327122347.wav,1,kilo,1.0,k,low,0,1
0019_YRF,VF-001-20230327122347.wav,2,klods,2.0,k,low,1,1
0019_YRF,VF-001-20230327122347.wav,4,klodset,2.0,k,low,0,2
0019_YRF,VF-001-20230327122347.wav,5,klodshans,3.0,k,low,1,2
0019_YRF,VF-001-20230327122347.wav,10,kost,3.0,k,low,0,3
0019_YRF,VF-001-20230327122347.wav,11,kiste,3.0,k,low,1,3
0019_YRF,VF-001-20230327122347.wav,12,koben,3.0,k,low,1,3
0019_YRF,VF-001-20230327122347.wav,15,ko,3.0,k,low,0,4
0019_YRF,VF-001-20230327122347.wav,17,kommode,3.0,k,low,1,4
0019_YRF,VF-001-20230327122347.wav,20,kam,3.0,k,low,0,5
0019_YRF,VF-001-20230327122347.wav,22,,,k,low,1,5
0019_YRF,VF-001-20230327122347.wav,25,kamsteg,3.0,k,low,0,6
0019_YRF,VF-001-20230327122347.wav,27,kamphund,2.0,k,low,1,6
0019_YRF,VF-001-20230327122347.wav,32,kubik,3.0,k,low,0,0
0019_YRF,VF-001-20230327122347.wav,41,kæft,3.0,k,low,0,7
0019_YRF,VF-001-20230327122347.wav,44,kyst,3.0,k,low,1,7
0019_YRF,VF-001-20230327122347.wav,46,kystsikring,3.0,k,low,1,7
0019_YRF,VF-001-20230327122347.wav,48,kilogram,3.0,k,low,1,7
0019_YRF,VF-001-20230327122347.wav,53,klump,3.0,k,low,1,7
0019_YRF,VF-001-20230327122347.wav,54,klumpfisk,3.0,k,low,1,7
0019_YRF,VF-001-20230327122347.wav,58,kramme,1.0,k,low,1,7
0019_YRF,VF-001-20230327111617.wav,1,ski,3.0,s,low,0,1
0019_YRF,VF-001-20230327111617.wav,2,skiferie,3.0,s,low,1,1
0019_YRF,VF-001-20230327111617.wav,3,slalom,3.0,s,low,1,1
0019_YRF,VF-001-20230327111617.wav,4,slalomløb,3.0,s,low,1,1
0019_YRF,VF-001-20230327111617.wav,6,sommer,3.0,s,low,0,0
0019_YRF,VF-001-20230327111617.wav,8,,,s,low,0,0
0019_YRF,VF-001-20230327111617.wav,10,slå,2.0,s,low,0,2
0019_YRF,VF-001-20230327111617.wav,11,slag,2.0,s,low,1,2
0019_YRF,VF-001-20230327111617.wav,14,søvn,1.0,s,low,0,0
0019_YRF,VF-001-20230327111617.wav,16,sover,3.0,s,low,0,0
0019_YRF,VF-001-20230327111617.wav,18,syv,1.0,s,low,0,0
0019_YRF,VF-001-20230327111617.wav,20,sytten,3.0,s,low,0,3
0019_YRF,VF-001-20230327111617.wav,21,,,s,low,1,3
0019_YRF,VF-001-20230327111617.wav,24,stige,3.0,s,low,0,4
0019_YRF,VF-001-20230327111617.wav,25,slag,3.0,s,low,1,4
0019_YRF,VF-001-20230327111617.wav,29,,,s,low,0,0
0019_YRF,VF-001-20230327111617.wav,33,skab,3.0,s,low,0,5
0019_YRF,VF-001-20230327111617.wav,35,skub,3.0,s,low,1,5
0019_YRF,VF-001-20230327111617.wav,37,skole,3.0,s,low,1,5
0019_YRF,VF-001-20230327111617.wav,39,skib,3.0,s,low,1,5
0019_YRF,VF-001-20230327111617.wav,41,skoleskib,3.0,s,low,1,5
0019_YRF,VF-001-20230327111617.wav,44,sne,3.0,s,low,0,6
0019_YRF,VF-001-20230327111617.wav,46,snevejr,3.0,s,low,1,6
0019_YRF,VF-001-20230327111617.wav,47,sneskovl,3.0,s,low,1,6
0019_YRF,VF-001-20230327111617.wav,48,snemand,3.0,s,low,1,6
0019_YRF,VF-001-20230327111617.wav,51,snekrystal,3.0,s,low,0,0
0019_YRF,VF-001-20230327111617.wav,56,sol,3.0,s,low,0,7
0019_YRF,VF-001-20230327111617.wav,58,skyer,3.0,s,low,1,7
0019_YRF,VF-001-20230327111617.wav,59,skyet,3.0,s,low,1,7
0019_YRF,VF-001-20230327095728.wav,2,fredag,1.0,f,low,0,1
0019_YRF,VF-001-20230327095728.wav,3,fri,3.0,f,low,1,1
0019_YRF,VF-001-20230327095728.wav,3,fire,3.0,f,low,0,2
0019_YRF,VF-001-20230327095728.wav,4,fem,3.0,f,low,1,2
0019_YRF,VF-001-20230327095728.wav,5,flere,3.0,f,low,1,2
0019_YRF,VF-001-20230327095728.wav,6,flest,3.0,f,low,1,2
0019_YRF,VF-001-20230327095728.wav,8,formiddag,3.0,f,low,0,0
0019_YRF,VF-001-20230327095728.wav,12,flad,2.0,f,low,0,3
0019_YRF,VF-001-20230327095728.wav,13,fly,2.0,f,low,1,3
0019_YRF,VF-001-20230327095728.wav,14,fest,3.0,f,low,1,3
0019_YRF,VF-001-20230327095728.wav,15,fisk,3.0,f,low,1,3
0019_YRF,VF-001-20230327095728.wav,17,fiksekvote,3.0,f,low,0,0
0019_YRF,VF-001-20230327095728.wav,23,fem,3.0,f,low,0,4
0019_YRF,VF-001-20230327095728.wav,24,femten,3.0,f,low,1,4
0019_YRF,VF-001-20230327095728.wav,26,født,2.0,f,low,0,5
0019_YRF,VF-001-20230327095728.wav,27,føde,3.0,f,low,1,5
0019_YRF,VF-001-20230327095728.wav,29,fødevare,3.0,f,low,1,5
0019_YRF,VF-001-20230327095728.wav,34,fire,3.0,f,low,0,6
0019_YRF,VF-001-20230327095728.wav,35,firspænd,3.0,f,low,1,6
0019_YRF,VF-001-20230327095728.wav,38,fadøl,3.0,f,low,0,7
0019_YRF,VF-001-20230327095728.wav,39,fadøl,3.0,f,low,1,7
0019_YRF,VF-001-20230327095728.wav,40,fadøl,1.0,f,low,1,7
0019_YRF,VF-001-20230327095728.wav,41,fadder,1.0,f,low,1,7
0019_YRF,VF-001-20230327095728.wav,42,fest,3.0,f,low,1,7
0019_YRF,VF-001-20230327095728.wav,45,festmiddag,2.0,f,low,0,0
0019_YRF,VF-001-20230327095728.wav,49,flag,3.0,f,low,0,0
0019_YRF,VF-001-20230327095728.wav,52,flage,1.0,f,low,0,8
0019_YRF,VF-001-20230327095728.wav,54,flager,1.0,f,low,1,8
0018_OBN,VF-003-20230317130317.wav,1,lille,2.0,l,low,0,0
0018_OBN,VF-003-20230317130317.wav,8,,,l,low,0,0
0018_OBN,VF-003-20230317121053.wav,1,dronning,2.0,d,low,0,1
0018_OBN,VF-003-20230317121053.wav,2,drone,3.0,d,low,1,1
0018_OBN,VF-003-20230317121053.wav,5,danmark,3.0,d,low,0,0
0018_OBN,VF-003-20230317121053.wav,16,de,3.0,d,low,0,2
0018_OBN,VF-003-20230317121053.wav,21,,,d,low,1,2
0018_OBN,VF-003-20230317121053.wav,27,diverse,3.0,d,low,1,2
0018_OBN,VF-003-20230317103827.wav,2,,,m,low,0,1
0018_OBN,VF-003-20230317103827.wav,3,mønter,1.0,m,low,1,1
0018_OBN,VF-003-20230317103827.wav,5,metode,3.0,m,low,1,1
0018_OBN,VF-003-20230317103827.wav,7,mis,3.0,m,low,1,1
0018_OBN,VF-003-20230317103827.wav,17,,,m,low,0,2
0018_OBN,VF-003-20230317103827.wav,48,mejsel,1.0,m,low,1,2
0018_OBN,VF-003-20230317103827.wav,56,,,m,low,1,2
0018_OBN,VF-002-20230317130209.wav,2,,,,low,0,0
0018_OBN,VF-002-20230317130209.wav,9,blåt,1.0,,low,0,1
0018_OBN,VF-002-20230317130209.wav,22,olie,1.0,,low,1,1
0018_OBN,VF-002-20230317120944.wav,5,tuborg,2.0,t,low,0,1
0018_OBN,VF-002-20230317120944.wav,10,tønde,1.0,t,low,1,1
0018_OBN,VF-002-20230317120944.wav,15,tubeerkulose,3.0,t,low,1,1
0018_OBN,VF-002-20230317120944.wav,33,tandem,2.0,t,low,0,0
0018_OBN,VF-002-20230317103718.wav,1,pause,3.0,p,low,0,0
0018_OBN,VF-002-20230317103718.wav,4,prøve,3.0,p,low,0,0
0018_OBN,VF-002-20230317103718.wav,11,pedal,1.0,p,low,0,1
0018_OBN,VF-002-20230317103718.wav,15,,,p,low,1,1
0018_OBN,VF-002-20230317103718.wav,17,pus,2.0,p,low,1,1
0018_OBN,VF-001-20230317130101.wav,3,frø,1.0,f,low,0,1
0018_OBN,VF-001-20230317130101.wav,4,fy,1.0,f,low,1,1
0018_OBN,VF-001-20230317130101.wav,6,,,f,low,1,1
0018_OBN,VF-001-20230317130101.wav,16,fra,3.0,f,low,0,2
0018_OBN,VF-001-20230317130101.wav,18,for,2.0,f,low,1,2
0018_OBN,VF-001-20230317120836.wav,3,kolon,2.0,k,low,0,1
0018_OBN,VF-001-20230317120836.wav,4,komma,3.0,k,low,1,1
0018_OBN,VF-001-20230317120836.wav,6,kilo,3.0,k,low,1,1
0018_OBN,VF-001-20230317120836.wav,8,kajak,3.0,k,low,1,1
0018_OBN,VF-001-20230317120836.wav,15,kommune,3.0,k,low,0,0
0018_OBN,VF-001-20230317120836.wav,34,kilo,3.0,k,low,0,2
0018_OBN,VF-001-20230317120836.wav,56,koncert,3.0,k,low,1,2
0018_OBN,VF-001-20230317103610.wav,1,søren,1.0,s,low,0,0
0018_OBN,VF-001-20230317103610.wav,3,sømand,2.0,s,low,0,0
0018_OBN,VF-001-20230317103610.wav,5,,,s,low,0,1
0018_OBN,VF-001-20230317103610.wav,6,sejler,3.0,s,low,1,1
0018_OBN,VF-001-20230317103610.wav,9,,,s,low,0,0
0017_MKZ,VF-003-20220426122553.wav,4,danmark,3.0,d,high,0,0
0017_MKZ,VF-003-20220426122553.wav,26,den,3.0,d,high,0,1
0017_MKZ,VF-003-20220426122553.wav,27,du,3.0,d,high,1,1
0017_MKZ,VF-003-20220426122553.wav,28,det,3.0,d,high,1,1
0017_MKZ,VF-003-20220426112022.wav,5,landkort,3.0,l,high,0,1
0017_MKZ,VF-003-20220426112022.wav,9,,,l,high,1,1
0017_MKZ,VF-003-20220426112022.wav,13,lineal,3.0,l,high,1,1
0017_MKZ,VF-003-20220426112022.wav,21,luftrum,3.0,l,high,0,2
0017_MKZ,VF-003-20220426112022.wav,26,luftvåben,3.0,l,high,1,2
0017_MKZ,VF-003-20220426112022.wav,40,liebhavervilla,3.0,l,high,0,3
0017_MKZ,VF-003-20220426112022.wav,49,legetøj,3.0,l,high,1,3
0017_MKZ,VF-003-20220426101601.wav,7,mand,3.0,m,high,0,0
0017_MKZ,VF-003-20220426101601.wav,21,mur,3.0,m,high,0,1
0017_MKZ,VF-003-20220426101601.wav,28,magnet,3.0,m,high,1,1
0017_MKZ,VF-003-20220426101601.wav,44,magnyl,2.0,m,high,0,0
0017_MKZ,VF-002-20220426122445.wav,17,tang,3.0,t,high,0,1
0017_MKZ,VF-002-20220426122445.wav,20,tegn,3.0,t,high,1,1
0017_MKZ,VF-002-20220426122445.wav,49,tid,3.0,t,high,1,1
0017_MKZ,VF-002-20220426122445.wav,57,to,3.0,t,high,1,1
0017_MKZ,VF-002-20220426111913.wav,3,baby,3.0,b,high,0,1
0017_MKZ,VF-002-20220426111913.wav,4,bil,3.0,b,high,1,1
0017_MKZ,VF-002-20220426111913.wav,24,bukser,3.0,b,high,0,2
0017_MKZ,VF-002-20220426111913.wav,27,bluse,3.0,b,high,1,2
0017_MKZ,VF-002-20220426101453.wav,1,pænt,2.0,p,high,0,0
0017_MKZ,VF-002-20220426101453.wav,7,pæn,3.0,p,high,0,0
0017_MKZ,VF-002-20220426101453.wav,13,pande,3.0,p,high,0,1
0017_MKZ,VF-002-20220426101453.wav,19,påske,3.0,p,high,1,1
0017_MKZ,VF-002-20220426101453.wav,34,pude,3.0,p,high,0,2
0017_MKZ,VF-002-20220426101453.wav,52,pålægger,1.0,p,high,1,2
0017_MKZ,VF-001-20220426111805.wav,3,får,3.0,f,high,0,1
0017_MKZ,VF-001-20220426111805.wav,5,faldlem,1.0,f,high,1,1
0017_MKZ,VF-001-20220426111805.wav,12,figur,3.0,f,high,0,2
0017_MKZ,VF-001-20220426111805.wav,15,frø,3.0,f,high,1,2
0017_MKZ,VF-001-20220426111805.wav,22,fiasko,3.0,f,high,0,0
0017_MKZ,VF-001-20220426111805.wav,43,fyr,3.0,f,high,0,3
0017_MKZ,VF-001-20220426111805.wav,47,flamme,3.0,f,high,1,3
0017_MKZ,VF-001-20220426101345.wav,3,skænk,3.0,s,high,0,1
0017_MKZ,VF-001-20220426101345.wav,6,so,2.0,s,high,1,1
0017_MKZ,VF-001-20220426101345.wav,7,syng,3.0,s,high,1,1
0017_MKZ,VF-001-20220426101345.wav,10,salme,3.0,s,high,1,1
0017_MKZ,VF-001-20220426101345.wav,18,spand,3.0,s,high,0,0
0017_MKZ,VF-001-20220426101345.wav,33,sko,3.0,s,high,0,2
0017_MKZ,VF-001-20220426101345.wav,36,sok,3.0,s,high,1,2
0017_MKZ,VF-001-20220426101345.wav,42,sænk,2.0,s,high,1,2
0017_MKZ,VF-001-20220426101345.wav,48,sweater,3.0,s,high,1,2
0017_MKZ,VF-001-20220426101345.wav,51,sofa,3.0,s,high,1,2
0016_DXU,VF-003-20220331120019.wav,2,mor,3.0,m,high,0,1
0016_DXU,VF-003-20220331120019.wav,4,mutti,3.0,m,high,1,1
0016_DXU,VF-003-20220331120019.wav,7,medalje,3.0,m,high,1,1
0016_DXU,VF-003-20220331120019.wav,12,martingale,1.0,m,high,0,0
0016_DXU,VF-003-20220331120019.wav,25,mester,3.0,m,high,0,2
0016_DXU,VF-003-20220331120019.wav,34,modhager,3.0,m,high,1,2
0016_DXU,VF-003-20220331120019.wav,38,moderne,3.0,m,high,1,2
0016_DXU,VF-003-20220331120019.wav,57,meg-scanner,3.0,m,high,1,2
0016_DXU,VF-003-20220331105531.wav,2,luffe,3.0,l,high,0,1
0016_DXU,VF-003-20220331105531.wav,5,lort,3.0,l,high,1,1
0016_DXU,VF-003-20220331105531.wav,10,lodret,3.0,l,high,0,0
0016_DXU,VF-003-20220331105531.wav,21,lege,3.0,l,high,0,2
0016_DXU,VF-003-20220331105531.wav,26,lejlighed,3.0,l,high,1,2
0016_DXU,VF-003-20220331105531.wav,44,lamper,3.0,l,high,0,3
0016_DXU,VF-003-20220331105531.wav,45,lampe,3.0,l,high,1,3
0016_DXU,VF-002-20220331115911.wav,4,pille,2.0,p,high,0,0
0016_DXU,VF-002-20220331115911.wav,14,prævention,3.0,p,high,0,1
0016_DXU,VF-002-20220331115911.wav,19,politi,3.0,p,high,1,1
0016_DXU,VF-002-20220331115911.wav,28,pædagog,3.0,p,high,0,2
0016_DXU,VF-002-20220331115911.wav,34,parkere,3.0,p,high,1,2
0016_DXU,VF-002-20220331115911.wav,44,pålydende,3.0,p,high,0,0
0016_DXU,VF-002-20220331115911.wav,56,pårørende,3.0,p,high,0,0
0016_DXU,VF-002-20220331105422.wav,3,bjørn,3.0,b,high,0,1
0016_DXU,VF-002-20220331105422.wav,4,bo,3.0,b,high,1,1
0016_DXU,VF-002-20220331105422.wav,8,bolig,3.0,b,high,0,0
0016_DXU,VF-002-20220331105422.wav,26,bil,3.0,b,high,0,2
0016_DXU,VF-002-20220331105422.wav,27,bilhjul,3.0,b,high,1,2
0016_DXU,VF-002-20220331105422.wav,40,brand,2.0,b,high,1,2
0016_DXU,VF-002-20220331105422.wav,47,briller,3.0,b,high,1,2
0016_DXU,VF-001-20220331115803.wav,2,sofa,3.0,s,medium,0,1
0016_DXU,VF-001-20220331115803.wav,5,sofabord,3.0,s,medium,1,1
0016_DXU,VF-001-20220331115803.wav,7,slange,3.0,s,medium,1,1
0016_DXU,VF-001-20220331115803.wav,19,støvle,3.0,s,medium,0,2
0016_DXU,VF-001-20220331115803.wav,22,sko,3.0,s,medium,1,2
0016_DXU,VF-001-20220331115803.wav,28,strømpe,3.0,s,medium,0,3
0016_DXU,VF-001-20220331115803.wav,32,strømpebukser,3.0,s,medium,1,3
0016_DXU,VF-001-20220331115803.wav,35,shorts,3.0,s,medium,1,3
0016_DXU,VF-001-20220331105314.wav,2,fæ,3.0,f,medium,0,1
0016_DXU,VF-001-20220331105314.wav,3,fjols,3.0,f,medium,1,1
0016_DXU,VF-001-20220331105314.wav,5,fod,3.0,f,medium,0,2
0016_DXU,VF-001-20220331105314.wav,6,frisør,3.0,f,medium,1,2
0016_DXU,VF-001-20220331105314.wav,7,frisørsaks,3.0,f,medium,1,2
0016_DXU,VF-001-20220331105314.wav,22,fodskinne,2.0,f,medium,0,3
0016_DXU,VF-001-20220331105314.wav,23,fodtøj,3.0,f,medium,1,3
0016_DXU,VF-001-20220331105314.wav,27,finger,2.0,f,medium,1,3
0016_DXU,VF-001-20220331105314.wav,29,fingernegl,3.0,f,medium,1,3
0016_DXU,VF-001-20220331105314.wav,30,fingerbøl,3.0,f,medium,1,3
0015_J0K,VF-003-20181126121703.wav,2,lønseddel,2.0,l,medium,0,1
0015_J0K,VF-003-20181126121703.wav,4,lama,3.0,l,medium,1,1
0015_J0K,VF-003-20181126121703.wav,6,lejlighed,3.0,l,medium,1,1
0015_J0K,VF-003-20181126121703.wav,8,luksus,3.0,l,medium,1,1
0015_J0K,VF-003-20181126121703.wav,11,landskab,3.0,l,medium,0,2
0015_J0K,VF-003-20181126121703.wav,13,lotteri,3.0,l,medium,1,2
0015_J0K,VF-003-20181126121703.wav,17,laks,3.0,l,medium,0,0
0015_J0K,VF-003-20181126121703.wav,22,london,3.0,l,medium,0,0
0015_J0K,VF-003-20181126121703.wav,26,luksus,3.0,l,medium,0,3
0015_J0K,VF-003-20181126121703.wav,29,lagen,2.0,l,medium,1,3
0015_J0K,VF-003-20181126121703.wav,32,løft,2.0,l,medium,1,3
0015_J0K,VF-003-20181126121703.wav,36,,1.0,l,medium,0,4
0015_J0K,VF-003-20181126121703.wav,40,,1.0,l,medium,1,4
0015_J0K,VF-003-20181126121703.wav,45,la,1.0,l,medium,0,5
0015_J0K,VF-003-20181126121703.wav,49,lama,2.0,l,medium,1,5
0015_J0K,VF-003-20181126121703.wav,53,liste,2.0,l,medium,1,5
0015_J0K,VF-003-20181126121703.wav,56,lemfærdig,2.0,l,medium,1,5
0015_J0K,VF-003-20181126112016.wav,1,mus,3.0,m,medium,0,1
0015_J0K,VF-003-20181126112016.wav,2,mave,3.0,m,medium,1,1
0015_J0K,VF-003-20181126112016.wav,4,mand,3.0,m,medium,1,1
0015_J0K,VF-003-20181126112016.wav,6,mund,3.0,m,medium,1,1
0015_J0K,VF-003-20181126112016.wav,9,marskandiser,2.0,m,medium,0,0
0015_J0K,VF-003-20181126112016.wav,13,mangemillionær,3.0,m,medium,0,0
0015_J0K,VF-003-20181126112016.wav,19,mandskab,3.0,m,medium,0,0
0015_J0K,VF-003-20181126112016.wav,23,muldvarp,3.0,m,medium,0,0
0015_J0K,VF-003-20181126112016.wav,28,mark,3.0,m,medium,0,2
0015_J0K,VF-003-20181126112016.wav,30,mejeri,3.0,m,medium,1,2
0015_J0K,VF-003-20181126112016.wav,35,måske,3.0,m,medium,1,2
0015_J0K,VF-003-20181126112016.wav,41,miskundhed,1.0,m,medium,1,2
0015_J0K,VF-003-20181126112016.wav,49,malkemaskine,2.0,m,medium,1,2
0015_J0K,VF-003-20181126112016.wav,54,,1.0,m,medium,1,2
0015_J0K,VF-003-20181126095842.wav,2,dukkehus,3.0,d,medium,0,1
0015_J0K,VF-003-20181126095842.wav,4,danmark,3.0,d,medium,1,1
0015_J0K,VF-003-20181126095842.wav,10,dumdristig,3.0,d,medium,0,2
0015_J0K,VF-003-20181126095842.wav,13,drilleri,3.0,d,medium,1,2
0015_J0K,VF-003-20181126095842.wav,23,danse,3.0,d,medium,0,0
0015_J0K,VF-003-20181126095842.wav,34,dalende,3.0,d,medium,0,3
0015_J0K,VF-003-20181126095842.wav,41,diskotek,3.0,d,medium,1,3
0015_J0K,VF-003-20181126095842.wav,54,drømmeland,3.0,d,medium,1,3
0015_J0K,VF-002-20181126121550.wav,2,bremse,2.0,b,medium,0,0
0015_J0K,VF-002-20181126121550.wav,5,brik,2.0,b,medium,0,1
0015_J0K,VF-002-20181126121550.wav,7,banan,3.0,b,medium,1,1
0015_J0K,VF-002-20181126121550.wav,11,bold,3.0,b,medium,0,2
0015_J0K,VF-002-20181126121550.wav,14,,1.0,b,medium,1,2
0015_J0K,VF-002-20181126121550.wav,18,boligblok,3.0,b,medium,0,0
0015_J0K,VF-002-20181126121550.wav,23,banker,1.0,b,medium,0,3
0015_J0K,VF-002-20181126121550.wav,25,bestant,1.0,b,medium,1,3
0015_J0K,VF-002-20181126121550.wav,30,brise,3.0,b,medium,0,4
0015_J0K,VF-002-20181126121550.wav,33,,1.0,b,medium,1,4
0015_J0K,VF-002-20181126121550.wav,35,,1.0,b,medium,1,4
0015_J0K,VF-002-20181126121550.wav,49,bandit,2.0,b,medium,0,0
0015_J0K,VF-002-20181126121550.wav,59,briste,3.0,b,medium,0,0
0015_J0K,VF-002-20181126111903.wav,2,påskelilje,3.0,p,medium,0,1
0015_J0K,VF-002-20181126111903.wav,3,påfund,2.0,p,medium,1,1
0015_J0K,VF-002-20181126111903.wav,6,påfugl,3.0,p,medium,0,0
0015_J0K,VF-002-20181126111903.wav,12,panorama,3.0,p,medium,0,2
0015_J0K,VF-002-20181126111903.wav,15,panter,2.0,p,medium,1,2
0015_J0K,VF-002-20181126111903.wav,19,pande,3.0,p,medium,0,0
0015_J0K,VF-002-20181126111903.wav,24,pestilens,3.0,p,medium,0,3
0015_J0K,VF-002-20181126111903.wav,26,pegefinger,3.0,p,medium,1,3
0015_J0K,VF-002-20181126111903.wav,29,puls,3.0,p,medium,1,3
0015_J0K,VF-002-20181126111903.wav,31,papfigur,3.0,p,medium,1,3
0015_J0K,VF-002-20181126111903.wav,36,presse,3.0,p,medium,0,0
0015_J0K,VF-002-20181126111903.wav,42,pakke,3.0,p,medium,0,0
0015_J0K,VF-002-20181126111903.wav,49,panorama,1.0,p,medium,0,0
0015_J0K,VF-002-20181126111903.wav,55,psykolog,3.0,p,medium,0,0
0015_J0K,VF-002-20181126095729.wav,1,tulipan,3.0,t,medium,0,1
0015_J0K,VF-002-20181126095729.wav,3,traktor,3.0,t,medium,1,1
0015_J0K,VF-002-20181126095729.wav,7,tillægsord,3.0,t,medium,0,0
0015_J0K,VF-002-20181126095729.wav,12,,1.0,t,medium,0,0
0015_J0K,VF-002-20181126095729.wav,17,transformer,3.0,t,medium,0,0
0015_J0K,VF-002-20181126095729.wav,26,tennisbold,3.0,t,medium,0,2
0015_J0K,VF-002-20181126095729.wav,33,tankevækkende,3.0,t,medium,1,2
0015_J0K,VF-002-20181126095729.wav,45,time,2.0,t,medium,0,3
0015_J0K,VF-002-20181126095729.wav,52,tumpe,3.0,t,medium,1,3
0015_J0K,VF-002-20181126095729.wav,59,tale,3.0,t,medium,1,3
0015_J0K,VF-001-20181126121437.wav,2,fugl,3.0,f,medium,0,1
0015_J0K,VF-001-20181126121437.wav,4,foxtrot,3.0,f,medium,1,1
0015_J0K,VF-001-20181126121437.wav,7,farmaceut,3.0,f,medium,0,0
0015_J0K,VF-001-20181126121437.wav,10,flotteri,1.0,f,medium,0,0
0015_J0K,VF-001-20181126121437.wav,13,forsvinde,3.0,f,medium,0,0
0015_J0K,VF-001-20181126121437.wav,18,fandt,3.0,f,medium,0,2
0015_J0K,VF-001-20181126121437.wav,20,funkel,2.0,f,medium,1,2
0015_J0K,VF-001-20181126121437.wav,23,funkler,3.0,f,medium,1,2
0015_J0K,VF-001-20181126121437.wav,27,forsøge,3.0,f,medium,0,0
0015_J0K,VF-001-20181126121437.wav,31,fandango,3.0,f,medium,0,3
0015_J0K,VF-001-20181126121437.wav,34,findes,3.0,f,medium,1,3
0015_J0K,VF-001-20181126121437.wav,38,fuck,3.0,f,medium,1,3
0015_J0K,VF-001-20181126121437.wav,44,flise,2.0,f,medium,0,0
0015_J0K,VF-001-20181126121437.wav,52,fandtes,3.0,f,medium,0,4
0015_J0K,VF-001-20181126121437.wav,55,fakkel,3.0,f,medium,1,4
0015_J0K,VF-001-20181126111750.wav,1,sukker,3.0,s,medium,0,1
0015_J0K,VF-001-20181126111750.wav,3,sejlskib,3.0,s,medium,1,1
0015_J0K,VF-001-20181126111750.wav,5,søværn,3.0,s,medium,1,1
0015_J0K,VF-001-20181126111750.wav,12,solskin,3.0,s,medium,0,2
0015_J0K,VF-001-20181126111750.wav,15,snørrebånd,3.0,s,medium,1,2
0015_J0K,VF-001-20181126111750.wav,19,sælskind,3.0,s,medium,0,3
0015_J0K,VF-001-20181126111750.wav,22,syerske,3.0,s,medium,1,3
0015_J0K,VF-001-20181126111750.wav,25,sandfærdig,3.0,s,medium,1,3
0015_J0K,VF-001-20181126111750.wav,30,,1.0,s,medium,0,4
0015_J0K,VF-001-20181126111750.wav,33,sene,2.0,s,medium,1,4
0015_J0K,VF-001-20181126111750.wav,35,sundhed,3.0,s,medium,1,4
0015_J0K,VF-001-20181126111750.wav,39,solsikke,3.0,s,medium,1,4
0015_J0K,VF-001-20181126111750.wav,42,sandfærdig,3.0,s,medium,1,4
0015_J0K,VF-001-20181126111750.wav,45,system,3.0,s,medium,1,4
0015_J0K,VF-001-20181126111750.wav,58,sand,2.0,s,medium,0,0
0015_J0K,VF-001-20181126095616.wav,1,kendskab,3.0,k,medium,0,0
0015_J0K,VF-001-20181126095616.wav,6,kennel,3.0,k,medium,0,1
0015_J0K,VF-001-20181126095616.wav,8,kan,3.0,k,medium,1,1
0015_J0K,VF-001-20181126095616.wav,10,kunstværk,3.0,k,medium,1,1
0015_J0K,VF-001-20181126095616.wav,12,kirke,3.0,k,medium,1,1
0015_J0K,VF-001-20181126095616.wav,16,kunstfærdigt,3.0,k,medium,0,2
0015_J0K,VF-001-20181126095616.wav,19,kærnemælk,3.0,k,medium,1,2
0015_J0K,VF-001-20181126095616.wav,25,kultur,3.0,k,medium,0,0
0015_J0K,VF-001-20181126095616.wav,30,kaste,3.0,k,medium,0,3
0015_J0K,VF-001-20181126095616.wav,32,kaste,3.0,k,medium,1,3
0015_J0K,VF-001-20181126095616.wav,36,kører,2.0,k,medium,1,3
0015_J0K,VF-001-20181126095616.wav,39,kalender,3.0,k,medium,1,3
0015_J0K,VF-001-20181126095616.wav,46,kirke,3.0,k,medium,0,0
0008_ATW,VF-001-20170329101042.wav,1,Flaske,2.0,f,high,0,1
0008_ATW,VF-001-20170329101042.wav,4,Fare,3.0,f,high,1,1
0008_ATW,VF-001-20170329101042.wav,20,Flaskehals,3.0,f,high,0,0
0008_ATW,VF-001-20170329101042.wav,31,Forfra,3.0,f,high,0,2
0008_ATW,VF-001-20170329101042.wav,35,Forbi,3.0,f,high,1,2
0008_ATW,VF-001-20170329101042.wav,41,Fjender,3.0,f,high,1,2
0008_ATW,VF-001-20170329101042.wav,48,Forhold,3.0,f,high,1,2
0008_ATW,VF-001-20170329101042.wav,56,Foran,3.0,f,high,0,0
0008_ATW,VF-001-20170329112757.wav,1,Kande,3.0,k,high,0,0
0008_ATW,VF-001-20170329112757.wav,1,Kop,3.0,k,high,0,0
0008_ATW,VF-001-20170329112757.wav,13,Kasper,3.0,k,high,0,1
0008_ATW,VF-001-20170329112757.wav,16,Kat,3.0,k,high,1,1
0008_ATW,VF-001-20170329112757.wav,18,Ko,3.0,k,high,1,1
0008_ATW,VF-001-20170329112757.wav,20,Klaustrofobi,3.0,k,high,1,1
0008_ATW,VF-001-20170329112757.wav,28,Kaffe,3.0,k,high,0,2
0008_ATW,VF-001-20170329112757.wav,31,Kaffekop,3.0,k,high,1,2
0008_ATW,VF-001-20170329112757.wav,38,Kia,3.0,k,high,0,0
0008_ATW,VF-001-20170329112757.wav,47,Kammermusik,3.0,k,high,0,3
0008_ATW,VF-001-20170329112757.wav,51,Kammerorkester,3.0,k,high,1,3
0008_ATW,VF-001-20170329112757.wav,56,Kasse,3.0,k,high,1,3
0008_ATW,VF-001-20170329124340.wav,1,Sø,3.0,s,high,0,1
0008_ATW,VF-001-20170329124340.wav,2,Solsikke?,2.0,s,high,1,1
0008_ATW,VF-001-20170329124340.wav,3,Sol,3.0,s,high,1,1
0008_ATW,VF-001-20170329124340.wav,5,Sommerdrik,2.0,s,high,1,1
0008_ATW,VF-001-20170329124340.wav,6,Saftevand,3.0,s,high,1,1
0008_ATW,VF-001-20170329124340.wav,14,Stok,3.0,s,high,0,0
0008_ATW,VF-001-20170329124340.wav,19,Sommerfugl,3.0,s,high,0,0
0008_ATW,VF-001-20170329124340.wav,27,Sjov,3.0,s,high,0,2
0008_ATW,VF-001-20170329124340.wav,30,Sibbe,3.0,s,high,1,2
0008_ATW,VF-001-20170329124340.wav,31,Sjibbetov,3.0,s,high,1,2
0008_ATW,VF-001-20170329124340.wav,36,Slaskedukke,3.0,s,high,0,0
0008_ATW,VF-001-20170329124340.wav,40,Savl,3.0,s,high,0,3
0008_ATW,VF-001-20170329124340.wav,42,Sommer,3.0,s,high,1,3
0008_ATW,VF-001-20170329124340.wav,44,Sol,3.0,s,high,1,3
0008_ATW,VF-001-20170329124340.wav,46,Strand,3.0,s,high,1,3
0008_ATW,VF-001-20170329124340.wav,48,Sten,3.0,s,high,1,3
0008_ATW,VF-001-20170329124340.wav,54,Syd,3.0,s,high,0,4
0008_ATW,VF-001-20170329124340.wav,56,Sønderjylland,3.0,s,high,1,4
0008_ATW,VF-001-20170329124340.wav,58,Sydjylland,3.0,s,high,1,4
0008_ATW,VF-001-20170329124340.wav,59,Skagen,3.0,s,high,1,4
0008_ATW,VF-002-20170329101155.wav,1,Banan,2.0,b,medium,0,1
0008_ATW,VF-002-20170329101155.wav,3,Boldt,2.0,b,medium,1,1
0008_ATW,VF-002-20170329101155.wav,4,Lyse?,1.0,b,medium,1,1
0008_ATW,VF-002-20170329101155.wav,5,Bukser,3.0,b,medium,1,1
0008_ATW,VF-002-20170329101155.wav,11,Bank,3.0,b,medium,0,0
0008_ATW,VF-002-20170329101155.wav,18,Bonbon,3.0,b,medium,0,0
0008_ATW,VF-002-20170329101155.wav,26,Bil,3.0,b,medium,0,2
0008_ATW,VF-002-20170329101155.wav,27,Bog,3.0,b,medium,1,2
0008_ATW,VF-002-20170329101155.wav,30,Boksehandsker,3.0,b,medium,1,2
0008_ATW,VF-002-20170329101155.wav,37,Boller,3.0,b,medium,0,0
0008_ATW,VF-002-20170329101155.wav,46,Bi,3.0,b,medium,0,3
0008_ATW,VF-002-20170329101155.wav,48,Blomst,3.0,b,medium,1,3
0008_ATW,VF-002-20170329101155.wav,52,Bøjning?,2.0,b,medium,1,3
0008_ATW,VF-002-20170329101155.wav,59,Bananyoghurt,3.0,b,medium,1,3
0008_ATW,VF-002-20170329112910.wav,1,te,3.0,t,medium,0,0
0008_ATW,VF-002-20170329112910.wav,4,tage,1.0,t,medium,0,1
0008_ATW,VF-002-20170329112910.wav,6,tunget?,1.0,t,medium,1,1
0008_ATW,VF-002-20170329112910.wav,11,taske,3.0,t,medium,0,0
0008_ATW,VF-002-20170329112910.wav,16,tasmanien,3.0,t,medium,0,0
0008_ATW,VF-002-20170329112910.wav,21,tekop,3.0,t,medium,0,2
0008_ATW,VF-002-20170329112910.wav,24,telefon,3.0,t,medium,1,2
0008_ATW,VF-002-20170329112910.wav,27,træls,3.0,t,medium,1,2
0008_ATW,VF-002-20170329112910.wav,30,to,2.0,t,medium,1,2
0008_ATW,VF-002-20170329112910.wav,31,tre,3.0,t,medium,1,2
0008_ATW,VF-002-20170329112910.wav,36,tøj,2.0,t,medium,0,0
0008_ATW,VF-002-20170329112910.wav,43,typograf,3.0,t,medium,0,0
0008_ATW,VF-002-20170329112910.wav,52,tube,3.0,t,medium,0,3
0008_ATW,VF-002-20170329112910.wav,54,tandspasta,3.0,t,medium,1,3
0008_ATW,VF-002-20170329112910.wav,55,tandbørste,3.0,t,medium,1,3
0008_ATW,VF-002-20170329124453.wav,1,pære,3.0,p,medium,0,1
0008_ATW,VF-002-20170329124453.wav,3,præsentation,2.0,p,medium,1,1
0008_ATW,VF-002-20170329124453.wav,6,print,3.0,p,medium,0,0
0008_ATW,VF-002-20170329124453.wav,9,polen,3.0,p,medium,0,0
0008_ATW,VF-002-20170329124453.wav,12,påske,3.0,p,medium,0,0
0008_ATW,VF-002-20170329124453.wav,18,populær,3.0,p,medium,0,2
0008_ATW,VF-002-20170329124453.wav,20,popmusik,3.0,p,medium,1,2
0008_ATW,VF-002-20170329124453.wav,22,pop,3.0,p,medium,1,2
0008_ATW,VF-002-20170329124453.wav,24,pels,3.0,p,medium,1,2
0008_ATW,VF-002-20170329124453.wav,27,pekinggeser,3.0,p,medium,1,2
0008_ATW,VF-002-20170329124453.wav,35,plade,3.0,p,medium,0,3
0008_ATW,VF-002-20170329124453.wav,40,popstar,3.0,p,medium,1,3
0008_ATW,VF-002-20170329124453.wav,45,paprika,3.0,p,medium,1,3
0008_ATW,VF-002-20170329124453.wav,52,plakat,3.0,p,medium,0,4
0008_ATW,VF-002-20170329124453.wav,55,pølse,3.0,p,medium,1,4
0008_ATW,VF-003-20170329101309.wav,2,liste,2.0,l,medium,0,1
0008_ATW,VF-003-20170329101309.wav,3,lam,3.0,l,medium,1,1
0008_ATW,VF-003-20170329101309.wav,11,lommeregner,2.0,l,medium,0,2
0008_ATW,VF-003-20170329101309.wav,13,lommelærke,3.0,l,medium,1,2
0008_ATW,VF-003-20170329101309.wav,16,luft,3.0,l,medium,1,2
0008_ATW,VF-003-20170329101309.wav,25,listesko,2.0,l,medium,0,3
0008_ATW,VF-003-20170329101309.wav,30,lim,1.0,l,medium,1,3
0008_ATW,VF-003-20170329101309.wav,38,?,1.0,l,medium,0,4
0008_ATW,VF-003-20170329101309.wav,41,løg,3.0,l,medium,1,4
0008_ATW,VF-003-20170329113023.wav,0,dum,3.0,d,medium,0,1
0008_ATW,VF-003-20170329113023.wav,1,dame,3.0,d,medium,1,1
0008_ATW,VF-003-20170329113023.wav,4,danse,2.0,d,medium,0,2
0008_ATW,VF-003-20170329113023.wav,6,dansk tv,2.0,d,medium,1,2
0008_ATW,VF-003-20170329113023.wav,8,dr1,3.0,d,medium,1,2
0008_ATW,VF-003-20170329113023.wav,23,dansepartner,3.0,d,medium,0,3
0008_ATW,VF-003-20170329113023.wav,31,dørvask?,1.0,d,medium,1,3
0008_ATW,VF-003-20170329113023.wav,37,duel,2.0,d,medium,1,3
0008_ATW,VF-003-20170329113023.wav,46,dåse,3.0,d,medium,1,3
0008_ATW,VF-003-20170329113023.wav,52,dromedar,3.0,d,medium,1,3
0008_ATW,VF-003-20170329124606.wav,0,?,1.0,m,medium,0,1
0008_ATW,VF-003-20170329124606.wav,1,mælk,3.0,m,medium,1,1
0008_ATW,VF-003-20170329124606.wav,2,mette,3.0,m,medium,1,1
0008_ATW,VF-003-20170329124606.wav,5,medalje,3.0,m,medium,0,2
0008_ATW,VF-003-20170329124606.wav,6,muligvis,3.0,m,medium,1,2
0008_ATW,VF-003-20170329124606.wav,9,?,1.0,m,medium,0,3
0008_ATW,VF-003-20170329124606.wav,11,mus,3.0,m,medium,1,3
0008_ATW,VF-003-20170329124606.wav,13,maskine,3.0,m,medium,1,3
0008_ATW,VF-003-20170329124606.wav,18,masker,3.0,m,medium,0,0
0008_ATW,VF-003-20170329124606.wav,23,maldiverne,3.0,m,medium,0,0
0008_ATW,VF-003-20170329124606.wav,28,millioner?,1.0,m,medium,0,4
0008_ATW,VF-003-20170329124606.wav,31,masser,3.0,m,medium,1,4
0008_ATW,VF-003-20170329124606.wav,33,masse,3.0,m,medium,1,4
0008_ATW,VF-003-20170329124606.wav,39,mundharmonika,3.0,m,medium,0,5
0008_ATW,VF-003-20170329124606.wav,41,musik,3.0,m,medium,1,5
0008_ATW,VF-003-20170329124606.wav,49,melodigrandprix,3.0,m,medium,1,5
0008_ATW,VF-003-20170329124606.wav,57,måske,3.0,m,medium,1,5
0009_2QT,VF-001-20170330100707.wav,0,kage,3.0,k,high,0,1
0009_2QT,VF-001-20170330100707.wav,1,kagekringle,3.0,k,high,1,1
0009_2QT,VF-001-20170330100707.wav,6,kat,3.0,k,high,0,0
0009_2QT,VF-001-20170330100707.wav,12,hunde,1.0,k,high,0,0
0009_2QT,VF-001-20170330100707.wav,16,kanin,3.0,k,high,0,2
0009_2QT,VF-001-20170330100707.wav,17,kanariefugl,3.0,k,high,1,2
0009_2QT,VF-001-20170330100707.wav,20,kateter,3.0,k,high,1,2
0009_2QT,VF-001-20170330100707.wav,26,korn,2.0,k,high,0,0
0009_2QT,VF-001-20170330100707.wav,32,katakismus,3.0,k,high,0,3
0009_2QT,VF-001-20170330100707.wav,36,ko,3.0,k,high,1,3
0009_2QT,VF-001-20170330100707.wav,39,kringle,3.0,k,high,1,3
0009_2QT,VF-001-20170330100707.wav,42,kage,3.0,k,high,1,3
0009_2QT,VF-001-20170330100707.wav,50,krymmel?,1.0,k,high,0,0
0009_2QT,VF-001-20170330112323.wav,0,syv,2.0,s,high,0,1
0009_2QT,VF-001-20170330112323.wav,1,stor,3.0,s,high,1,1
0009_2QT,VF-001-20170330112323.wav,2,streng,3.0,s,high,1,1
0009_2QT,VF-001-20170330112323.wav,5,skaldet,1.0,s,high,0,0
0009_2QT,VF-001-20170330112323.wav,9,sussanne,3.0,s,high,0,0
0009_2QT,VF-001-20170330112323.wav,14,søren,3.0,s,high,0,2
0009_2QT,VF-001-20170330112323.wav,16,spurv,2.0,s,high,1,2
0009_2QT,VF-001-20170330112323.wav,23,sange,3.0,s,high,0,0
0009_2QT,VF-001-20170330112323.wav,29,sådan,3.0,s,high,0,0
0009_2QT,VF-001-20170330112323.wav,34,småkager,3.0,s,high,0,3
0009_2QT,VF-001-20170330112323.wav,36,smør,3.0,s,high,1,3
0009_2QT,VF-001-20170330112323.wav,40,salt,3.0,s,high,1,3
0009_2QT,VF-001-20170330112323.wav,42,sand,3.0,s,high,1,3
0009_2QT,VF-001-20170330112323.wav,48,spand,3.0,s,high,0,0
0009_2QT,VF-001-20170330112323.wav,54,stork,3.0,s,high,0,4
0009_2QT,VF-001-20170330112323.wav,57,solsort,3.0,s,high,1,4
0009_2QT,VF-001-20170330112323.wav,59,stær,3.0,s,high,1,4
0009_2QT,VF-001-20170330123815.wav,0,fra,1.0,f,high,0,1
0009_2QT,VF-001-20170330123815.wav,1,fra,2.0,f,high,1,1
0009_2QT,VF-001-20170330123815.wav,2,fremad,3.0,f,high,1,1
0009_2QT,VF-001-20170330123815.wav,3,frisk,3.0,f,high,1,1
0009_2QT,VF-001-20170330123815.wav,5,fisk,3.0,f,high,0,0
0009_2QT,VF-001-20170330123815.wav,8,frederik,2.0,f,high,0,0
0009_2QT,VF-001-20170330123815.wav,13,fanden,3.0,f,high,0,2
0009_2QT,VF-001-20170330123815.wav,15,fodtøj,3.0,f,high,1,2
0009_2QT,VF-001-20170330123815.wav,18,fanden?,1.0,f,high,1,2
0009_2QT,VF-001-20170330123815.wav,23,farfar,3.0,f,high,0,3
0009_2QT,VF-001-20170330123815.wav,27,find,2.0,f,high,1,3
0009_2QT,VF-001-20170330123815.wav,38,frede,3.0,f,high,0,4
0009_2QT,VF-001-20170330123815.wav,42,formel,1.0,f,high,1,4
0009_2QT,VF-001-20170330123815.wav,53,før,2.0,f,high,1,4
0009_2QT,VF-001-20170330123815.wav,59,forfra,3.0,f,high,1,4
0009_2QT,VF-002-20170330100820.wav,1,tand,3.0,t,high,0,1
0009_2QT,VF-002-20170330100820.wav,2,ting,3.0,t,high,1,1
0009_2QT,VF-002-20170330100820.wav,5,tage,3.0,t,high,0,0
0009_2QT,VF-002-20170330100820.wav,8,tid,1.0,t,high,0,0
0009_2QT,VF-002-20170330100820.wav,13,tand,3.0,t,high,0,0
0009_2QT,VF-002-20170330100820.wav,13,tandbørste,3.0,t,high,0,2
0009_2QT,VF-002-20170330100820.wav,16,tand,3.0,t,high,1,2
0009_2QT,VF-002-20170330100820.wav,18,[tand],3.0,t,high,1,2
0009_2QT,VF-002-20170330100820.wav,22,torsk,3.0,t,high,0,3
0009_2QT,VF-002-20170330100820.wav,26,tante,3.0,t,high,1,3
0009_2QT,VF-002-20170330100820.wav,37,taske,3.0,t,high,0,4
0009_2QT,VF-002-20170330100820.wav,44,tillagde,1.0,t,high,1,4
0009_2QT,VF-002-20170330100820.wav,55,tumpe,3.0,t,high,1,4
0009_2QT,VF-002-20170330112436.wav,1,papegøje,3.0,p,high,0,1
0009_2QT,VF-002-20170330112436.wav,2,par,3.0,p,high,1,1
0009_2QT,VF-002-20170330112436.wav,4,pas på,3.0,p,high,1,1
0009_2QT,VF-002-20170330112436.wav,7,politi,3.0,p,high,0,0
0009_2QT,VF-002-20170330112436.wav,19,padde,3.0,p,high,0,2
0009_2QT,VF-002-20170330112436.wav,21,padle,2.0,p,high,1,2
0009_2QT,VF-002-20170330112436.wav,23,pa- nej,3.0,p,high,1,2
0009_2QT,VF-002-20170330112436.wav,36,barberer,2.0,p,high,0,3
0009_2QT,VF-002-20170330112436.wav,41,paraply,3.0,p,high,1,3
0009_2QT,VF-002-20170330112436.wav,52,padde,3.0,p,high,1,3
0009_2QT,VF-002-20170330112436.wav,57,plexiglas,3.0,p,high,1,3
0009_2QT,VF-002-20170330123928.wav,1,barn,3.0,b,high,0,1
0009_2QT,VF-002-20170330123928.wav,2,børn,3.0,b,high,1,1
0009_2QT,VF-002-20170330123928.wav,4,basun,3.0,b,high,1,1
0009_2QT,VF-002-20170330123928.wav,10,bande,3.0,b,high,0,2
0009_2QT,VF-002-20170330123928.wav,12,birde,3.0,b,high,1,2
0009_2QT,VF-002-20170330123928.wav,17,b,3.0,b,high,0,3
0009_2QT,VF-002-20170330123928.wav,20,bah,3.0,b,high,1,3
0009_2QT,VF-002-20170330123928.wav,25,ben,2.0,b,high,0,0
0009_2QT,VF-002-20170330123928.wav,36,bande,3.0,b,high,0,4
0009_2QT,VF-002-20170330123928.wav,41,bilkø,2.0,b,high,1,4
0009_2QT,VF-002-20170330123928.wav,43,biler,2.0,b,high,1,4
0009_2QT,VF-002-20170330123928.wav,51,barbara,3.0,b,high,0,5
0009_2QT,VF-002-20170330123928.wav,53,barbar,3.0,b,high,1,5
0009_2QT,VF-002-20170330123928.wav,59,bede,2.0,b,high,1,5
0009_2QT,VF-003-20170330100933.wav,1,dan,2.0,d,high,0,1
0009_2QT,VF-003-20170330100933.wav,2,dumme,3.0,d,high,1,1
0009_2QT,VF-003-20170330100933.wav,4,dandy,2.0,d,high,1,1
0009_2QT,VF-003-20170330100933.wav,6,dør,3.0,d,high,1,1
0009_2QT,VF-003-20170330100933.wav,13,dreng,3.0,d,high,0,0
0009_2QT,VF-003-20170330100933.wav,25,dværg,3.0,d,high,0,2
0009_2QT,VF-003-20170330100933.wav,28,drage,3.0,d,high,1,2
0009_2QT,VF-003-20170330100933.wav,39,da,2.0,d,high,1,2
0009_2QT,VF-003-20170330100933.wav,42,dage,3.0,d,high,1,2
0009_2QT,VF-003-20170330100933.wav,53,drone,3.0,d,high,1,2
0009_2QT,VF-003-20170330112549.wav,1,nu,3.0,n,high,0,1
0009_2QT,VF-003-20170330112549.wav,3,når,3.0,n,high,1,1
0009_2QT,VF-003-20170330112549.wav,7,nar?,1.0,n,high,0,0
0009_2QT,VF-003-20170330112549.wav,19,nej,3.0,n,high,0,2
0009_2QT,VF-003-20170330112549.wav,26,nadver?,1.0,n,high,1,2
0009_2QT,VF-003-20170330112549.wav,37,?,1.0,n,high,0,3
0009_2QT,VF-003-20170330112549.wav,39,næse,3.0,n,high,1,3
0009_2QT,VF-003-20170330112549.wav,60,nat,3.0,n,high,1,3
0009_2QT,VF-003-20170330124041.wav,0,lille,3.0,l,high,0,0
0009_2QT,VF-003-20170330124041.wav,1,lang,3.0,l,high,0,1
0009_2QT,VF-003-20170330124041.wav,2,langsom,3.0,l,high,1,1
0009_2QT,VF-003-20170330124041.wav,3,lotte,2.0,l,high,1,1
0009_2QT,VF-003-20170330124041.wav,4,lars,3.0,l,high,1,1
0009_2QT,VF-003-20170330124041.wav,9,ligeglad,3.0,l,high,0,0
0009_2QT,VF-003-20170330124041.wav,12,lalle,2.0,l,high,0,0
0009_2QT,VF-003-20170330124041.wav,31,lort,3.0,l,high,0,2
0009_2QT,VF-003-20170330124041.wav,34,lang,3.0,l,high,1,2
0009_2QT,VF-003-20170330124041.wav,36,lav,3.0,l,high,1,2
0009_2QT,VF-003-20170330124041.wav,44,lummert,3.0,l,high,1,2
0009_2QT,VF-003-20170330124041.wav,58,lola,1.0,l,high,1,2
0009_2QT,VF-003-20170330124041.wav,60,leila,2.0,l,high,1,2
0010_VJD,VF-001-20170331100053.wav,0,kamp,2.0,k,high,0,0
0010_VJD,VF-001-20170331100053.wav,1,krop,1.0,k,high,0,1
0010_VJD,VF-001-20170331100053.wav,2,kompetence,1.0,k,high,1,1
0010_VJD,VF-001-20170331100053.wav,5,kronprinsesse,3.0,k,high,0,0
0010_VJD,VF-001-20170331100053.wav,7,kronjuvel,3.0,k,high,0,2
0010_VJD,VF-001-20170331100053.wav,9,kræft,3.0,k,high,1,2
0010_VJD,VF-001-20170331100053.wav,11,krog,3.0,k,high,1,2
0010_VJD,VF-001-20170331100053.wav,12,krave,3.0,k,high,1,2
0010_VJD,VF-001-20170331100053.wav,28,krop,3.0,k,high,0,3
0010_VJD,VF-001-20170331100053.wav,30,kæmpe,2.0,k,high,1,3
0010_VJD,VF-001-20170331100053.wav,36,kravler,3.0,k,high,1,3
0010_VJD,VF-001-20170331111633.wav,0,fed,3.0,f,medium,0,1
0010_VJD,VF-001-20170331111633.wav,1,fad,3.0,f,medium,1,1
0010_VJD,VF-001-20170331111633.wav,3,fulderik,3.0,f,medium,0,2
0010_VJD,VF-001-20170331111633.wav,4,fuld,3.0,f,medium,1,2
0010_VJD,VF-001-20170331111633.wav,5,fimse,2.0,f,medium,1,2
0010_VJD,VF-001-20170331111633.wav,9,?,1.0,f,medium,0,0
0010_VJD,VF-001-20170331111633.wav,9,?,1.0,f,medium,0,3
0010_VJD,VF-001-20170331111633.wav,11,fladt,2.0,f,medium,1,3
0010_VJD,VF-001-20170331111633.wav,17,film,3.0,f,medium,0,0
0010_VJD,VF-001-20170331111633.wav,29,fattig,3.0,f,medium,0,4
0010_VJD,VF-001-20170331111633.wav,32,fi?,1.0,f,medium,1,4
0010_VJD,VF-001-20170331111633.wav,35,fjoget,3.0,f,medium,1,4
0010_VJD,VF-001-20170331111633.wav,52,farlig,3.0,f,medium,1,4
0010_VJD,VF-001-20170331111633.wav,56,farber?,2.0,f,medium,1,4
0010_VJD,VF-001-20170331125403.wav,0,so,3.0,s,high,0,1
0010_VJD,VF-001-20170331125403.wav,1,svi,2.0,s,high,1,1
0010_VJD,VF-001-20170331125403.wav,2,slog,3.0,s,high,1,1
0010_VJD,VF-001-20170331125403.wav,3,satans,1.0,s,high,1,1
0010_VJD,VF-001-20170331125403.wav,7,sme?,1.0,s,high,0,2
0010_VJD,VF-001-20170331125403.wav,9,svoger,3.0,s,high,1,2
0010_VJD,VF-001-20170331125403.wav,16,sagte?,2.0,s,high,0,3
0010_VJD,VF-001-20170331125403.wav,17,sag,3.0,s,high,1,3
0010_VJD,VF-001-20170331125403.wav,19,speciel,3.0,s,high,1,3
0010_VJD,VF-001-20170331125403.wav,49,slagvok?,2.0,s,high,0,4
0010_VJD,VF-001-20170331125403.wav,51,slog,3.0,s,high,1,4
0010_VJD,VF-001-20170331125403.wav,53,slag,3.0,s,high,1,4
0010_VJD,VF-001-20170331125403.wav,60,suveræn,3.0,s,high,1,4
0010_VJD,VF-002-20170331100207.wav,0,trane,1.0,t,medium,0,0
0010_VJD,VF-002-20170331100207.wav,2,trøje,3.0,t,medium,0,1
0010_VJD,VF-002-20170331100207.wav,3,tøj,3.0,t,medium,1,1
0010_VJD,VF-002-20170331100207.wav,5,turbine,2.0,t,medium,0,0
0010_VJD,VF-002-20170331100207.wav,7,tempo,2.0,t,medium,0,0
0010_VJD,VF-002-20170331100207.wav,11,triviel,3.0,t,medium,0,0
0010_VJD,VF-002-20170331100207.wav,25,tjene,1.0,t,medium,0,2
0010_VJD,VF-002-20170331100207.wav,30,tærte,3.0,t,medium,1,2
0010_VJD,VF-002-20170331100207.wav,31,terninger,3.0,t,medium,1,2
0010_VJD,VF-002-20170331100207.wav,38,tallerken,3.0,t,medium,1,2
0010_VJD,VF-002-20170331100207.wav,42,traktor,3.0,t,medium,1,2
0010_VJD,VF-002-20170331111746.wav,1,dyr,3.0,d,high,0,1
0010_VJD,VF-002-20170331111746.wav,3,drive,2.0,d,high,1,1
0010_VJD,VF-002-20170331111746.wav,11,dreng,3.0,d,high,0,2
0010_VJD,VF-002-20170331111746.wav,13,drenget,2.0,d,high,1,2
0010_VJD,VF-002-20170331111746.wav,21,drog,2.0,d,high,0,0
0010_VJD,VF-002-20170331111746.wav,29,dengse,3.0,d,high,0,3
0010_VJD,VF-002-20170331111746.wav,32,drastisk,3.0,d,high,1,3
0010_VJD,VF-002-20170331111746.wav,35,drablig,3.0,d,high,1,3
0010_VJD,VF-002-20170331111746.wav,45,dum,3.0,d,high,0,0
0010_VJD,VF-002-20170331125516.wav,1,papir,3.0,p,high,0,0
0010_VJD,VF-002-20170331125516.wav,4,palads,3.0,p,high,0,1
0010_VJD,VF-002-20170331125516.wav,6,plastik,3.0,p,high,1,1
0010_VJD,VF-002-20170331125516.wav,10,pavillion,3.0,p,high,0,0
0010_VJD,VF-002-20170331125516.wav,14,positiv,3.0,p,high,0,2
0010_VJD,VF-002-20170331125516.wav,15,primær,3.0,p,high,1,2
0010_VJD,VF-002-20170331125516.wav,20,pirat,3.0,p,high,0,0
0010_VJD,VF-002-20170331125516.wav,25,poppel?,1.0,p,high,0,3
0010_VJD,VF-002-20170331125516.wav,28,p,3.0,p,high,1,3
0010_VJD,VF-002-20170331125516.wav,30,pund,2.0,p,high,1,3
0010_VJD,VF-002-20170331125516.wav,41,pige,3.0,p,high,0,4
0010_VJD,VF-002-20170331125516.wav,48,pover?,2.0,p,high,1,4
0010_VJD,VF-003-20170331100320.wav,1,tæbe,1.0,t,medium,0,1
0010_VJD,VF-003-20170331100320.wav,2,træ,3.0,t,medium,1,1
0010_VJD,VF-003-20170331100320.wav,3,trappe,3.0,t,medium,1,1
0010_VJD,VF-003-20170331100320.wav,13,trama?,1.0,t,medium,0,2
0010_VJD,VF-003-20170331100320.wav,16,trænt?,2.0,t,medium,1,2
0010_VJD,VF-003-20170331100320.wav,48,traver,3.0,t,medium,1,2
0010_VJD,VF-003-20170331111859.wav,1,lal,2.0,l,medium,0,1
0010_VJD,VF-003-20170331111859.wav,2,land,3.0,l,medium,1,1
0010_VJD,VF-003-20170331111859.wav,5,lille,3.0,l,medium,0,0
0010_VJD,VF-003-20170331111859.wav,11,langsom,3.0,l,medium,0,2
0010_VJD,VF-003-20170331111859.wav,13,lavt,3.0,l,medium,1,2
0010_VJD,VF-003-20170331111859.wav,15,lav,2.0,l,medium,1,2
0010_VJD,VF-003-20170331111859.wav,21,larver,2.0,l,medium,0,3
0010_VJD,VF-003-20170331111859.wav,25,lyng,3.0,l,medium,1,3
0010_VJD,VF-003-20170331111859.wav,26,løv,3.0,l,medium,1,3
0010_VJD,VF-003-20170331111859.wav,32,listig,3.0,l,medium,0,0
0010_VJD,VF-003-20170331111859.wav,41,luftig,3.0,l,medium,0,4
0010_VJD,VF-003-20170331111859.wav,42,luft,3.0,l,medium,1,4
0010_VJD,VF-003-20170331125629.wav,1,mindst,3.0,m,high,0,1
0010_VJD,VF-003-20170331125629.wav,2,major,3.0,m,high,1,1
0010_VJD,VF-003-20170331125629.wav,3,minus,3.0,m,high,1,1
0010_VJD,VF-003-20170331125629.wav,6,mango,2.0,m,high,0,0
0010_VJD,VF-003-20170331125629.wav,18,moder,2.0,m,high,0,2
0010_VJD,VF-003-20170331125629.wav,33,minus,3.0,m,high,1,2
0011_1i1,VF-001-20170407100012.wav,0,?,1.0,s,high,0,1
0011_1i1,VF-001-20170407100012.wav,1,slange,3.0,s,high,1,1
0011_1i1,VF-001-20170407100012.wav,6,sol,3.0,s,high,0,2
0011_1i1,VF-001-20170407100012.wav,8,sommer,3.0,s,high,1,2
0011_1i1,VF-001-20170407100012.wav,20,strand,3.0,s,high,0,3
0011_1i1,VF-001-20170407100012.wav,26,sandal,3.0,s,high,1,3
0011_1i1,VF-001-20170407112538.wav,1,fanta,3.0,f,medium,0,1
0011_1i1,VF-001-20170407112538.wav,2,far,3.0,f,medium,1,1
0011_1i1,VF-001-20170407112538.wav,15,foran,2.0,f,medium,0,2
0011_1i1,VF-001-20170407112538.wav,44,fange,3.0,f,medium,1,2
0011_1i1,VF-001-20170407125837.wav,1,kilo,3.0,k,medium,0,1
0011_1i1,VF-001-20170407125837.wav,3,kold,2.0,k,medium,1,1
0011_1i1,VF-001-20170407125837.wav,5,kulde,3.0,k,medium,1,1
0011_1i1,VF-001-20170407125837.wav,8,kald,2.0,k,medium,0,0
0011_1i1,VF-001-20170407125837.wav,16,kander,2.0,k,medium,0,0
0011_1i1,VF-001-20170407125837.wav,22,kilde,3.0,k,medium,0,2
0011_1i1,VF-001-20170407125837.wav,24,kime,2.0,k,medium,1,2
0011_1i1,VF-001-20170407125837.wav,27,komme,3.0,k,medium,1,2
0011_1i1,VF-001-20170407125837.wav,42,køre,3.0,k,medium,0,3
0011_1i1,VF-001-20170407125837.wav,48,kunne,3.0,k,medium,1,3
0011_1i1,VF-001-20170407125837.wav,58,kramme,3.0,k,medium,1,3
0011_1i1,VF-002-20170407100125.wav,1,pop,2.0,p,high,0,0
0011_1i1,VF-002-20170407100125.wav,3,pappa,3.0,p,high,0,0
0011_1i1,VF-002-20170407100125.wav,31,pose,3.0,p,high,0,1
0011_1i1,VF-002-20170407100125.wav,55,præst,3.0,p,high,1,1
0011_1i1,VF-002-20170407100125.wav,56,hus,2.0,p,high,1,1
0011_1i1,VF-002-20170407112651.wav,2,bravo,3.0,b,high,0,1
0011_1i1,VF-002-20170407112651.wav,7,bump,3.0,b,high,1,1
0011_1i1,VF-002-20170407112651.wav,18,bat,3.0,b,high,0,2
0011_1i1,VF-002-20170407112651.wav,22,bil,3.0,b,high,1,2
0011_1i1,VF-002-20170407112651.wav,27,bille,3.0,b,high,1,2
0011_1i1,VF-002-20170407112651.wav,33,billet,3.0,b,high,1,2
0011_1i1,VF-002-20170407112651.wav,43,besked,3.0,b,high,0,3
0011_1i1,VF-002-20170407112651.wav,47,blok,3.0,b,high,1,3
0011_1i1,VF-002-20170407112651.wav,56,blive,3.0,b,high,0,0
0011_1i1,VF-002-20170407125950.wav,2,thomas,3.0,t,high,0,0
0011_1i1,VF-002-20170407125950.wav,2,tulipan,3.0,t,high,0,1
0011_1i1,VF-002-20170407125950.wav,3,tango,3.0,t,high,1,1
0011_1i1,VF-002-20170407125950.wav,8,te,3.0,t,high,0,0
0011_1i1,VF-002-20170407125950.wav,12,tanke,3.0,t,high,0,0
0011_1i1,VF-002-20170407125950.wav,17,tikke?,2.0,t,high,0,0
0011_1i1,VF-002-20170407125950.wav,26,takke,3.0,t,high,0,2
0011_1i1,VF-002-20170407125950.wav,32,tynd,2.0,t,high,1,2
0011_1i1,VF-002-20170407125950.wav,34,tyk,3.0,t,high,1,2
0011_1i1,VF-002-20170407125950.wav,51,tæmme,3.0,t,high,0,3
0011_1i1,VF-002-20170407125950.wav,55,tønde,3.0,t,high,1,3
0011_1i1,VF-003-20170407100238.wav,1,mor,2.0,m,medium,0,0
0011_1i1,VF-003-20170407100238.wav,14,mellem,2.0,m,medium,0,0
0011_1i1,VF-003-20170407100238.wav,41,mad,3.0,m,medium,0,1
0011_1i1,VF-003-20170407100238.wav,53,maskine,3.0,m,medium,1,1
0011_1i1,VF-003-20170407112804.wav,2,london,3.0,l,high,0,1
0011_1i1,VF-003-20170407112804.wav,4,line,3.0,l,high,1,1
0011_1i1,VF-003-20170407112804.wav,11,lille,3.0,l,high,0,2
0011_1i1,VF-003-20170407112804.wav,13,lampe,3.0,l,high,1,2
0011_1i1,VF-003-20170407112804.wav,21,lægge,3.0,l,high,0,0
0011_1i1,VF-003-20170407112804.wav,32,lægte,3.0,l,high,0,3
0011_1i1,VF-003-20170407112804.wav,33,lygte,3.0,l,high,1,3
0011_1i1,VF-003-20170407130103.wav,1,dorte,3.0,d,high,0,0
0011_1i1,VF-003-20170407130103.wav,4,dukke,3.0,d,high,0,1
0011_1i1,VF-003-20170407130103.wav,6,danse,3.0,d,high,1,1
0011_1i1,VF-003-20170407130103.wav,26,dør,3.0,d,high,0,2
0011_1i1,VF-003-20170407130103.wav,34,dykke,3.0,d,high,1,2
0011_1i1,VF-003-20170407130103.wav,52,dille,3.0,d,high,1,2
